"sample","Simpson.div","patient.id","redcap_event_name"
"FF05466751",0.832559932204574,4033,"study_visit_1_arm_2"
"FF05466747",0.940384763870314,4037,"cycle_visit_3_arm_2"
"FF05466735",0.9555648917868,4058,"study_visit_1_arm_2"
"FF05466734",0.962154214066385,4000,"cycle_visit_2_arm_2"
"FF05466731",0.891914443012,4007,"study_visit_4_arm_2"
"FF05466627",0.951322906342179,4000,"cycle_visit_11_arm_2"
"FF05466624",0.917899240631163,4000,"cycle_visit_5_arm_2"
"FF05466619",0.896324101324085,4011,"study_visit_1_arm_2"
"FF05466617",0.86517034684038,4007,"cycle_visit_3_arm_2"
"FF05466614",0.943245547000297,4021,"cycle_visit_4_arm_2"
"FF05466611",0.90337908103823,4017,"cycle_visit_4_arm_2"
"FF05466606",0.95361100373396,4003,"study_visit_2_arm_2"
"FF05466597",0.891914443012,4000,"cycle_visit_14_arm_2"
"FF05466594",0.917899240631163,4056,"study_visit_1_arm_2"
"FF05466584",0.891914443012,4005,"cycle_visit_3_arm_2"
"FF05466582",0.940126950443141,4004,"study_visit_1_arm_2"
"FF05466581",0.962154214066385,4007,"study_visit_2_arm_2"
"FF05466580",0.962154214066385,4034,"study_visit_1_arm_2"
"FF05466567",0.885759002838162,4015,"cycle_visit_10_arm_2"
"FF05466564",0.929231355595865,4025,"cycle_visit_2_arm_2"
"FF05466562",0.926360111903904,4002,"cycle_visit_2_arm_2"
"FF05466560",0.885985447874492,4002,"cycle_visit_3_arm_2"
"FF05466551",0.842158830894499,4005,"study_visit_4_arm_2"
"FF05466537",0.917212981845768,4044,"cycle_visit_2_arm_2"
"FF05466387",0.907634540881303,4019,"cycle_visit_2_arm_2"
"FF05466384",0.806963611009254,4000,"cycle_visit_6_arm_2"
"FF05466382",0.932036676580672,4000,"cycle_visit_17_arm_2"
"FF05466380",0.859027971166245,4039,"cycle_visit_3_arm_2"
"FF05466375",0.885985447874492,4029,"cycle_visit_2_arm_2"
"FF05466346",0.922676113709064,4058,"study_visit_2_arm_2"
"FF05466332",0.9239110475678,4004,"cycle_visit_3_arm_2"
"FF05466328",0.885759002838162,4000,"study_visit_2_arm_2"
"FF05466314",0.94319045406166,4027,"cycle_visit_3_arm_2"
"FF05466313",0.927627306471309,4002,"study_visit_4_arm_2"
"FF05466309",0.859027971166245,4000,"cycle_visit_16_arm_2"
"FF05466308",0.870061361582699,4027,"cycle_visit_2_arm_2"
"FF05466307",0.884561853633653,4003,"cycle_visit_6_arm_2"
"FF05466302",0.924557400305643,4042,"cycle_visit_3_arm_2"
"FF05466297",0.857394471602857,4000,"cycle_visit_13_arm_2"
"FF05466293",0.93856535062349,4034,"cycle_visit_2_arm_2"
"FF05466292",0.913191019204675,4007,"cycle_visit_15_arm_2"
"FF05466275",0.962154214066385,4000,"cycle_visit_3_arm_2"
"FF05466271",0.9536664775638,4004,"study_visit_4_arm_2"
"FF05466264",0.940126950443141,4000,"study_visit_4_arm_2"
"FF05466260",0.891235277686953,4025,"study_visit_1_arm_2"
"FF05466254",0.855810629853457,4017,"cycle_visit_5_arm_2"
"FF05466196",0.857394471602857,4011,"cycle_visit_2_arm_2"
"FF05466194",0.909133146526209,4005,"study_visit_1_arm_2"
"FF05466177",0.83458673953214,4034,"cycle_visit_3_arm_2"
"FF05466170",0.842158830894499,4000,"cycle_visit_15_arm_2"
"FF05466158",0.9102172246403,4017,"cycle_visit_7_arm_2"
"FF05466156",0.903862890317604,4042,"study_visit_1_arm_2"
"FF05466151",0.842158830894499,4017,"cycle_visit_2_arm_2"
"FF05466149",0.90337908103823,4016,"study_visit_2_arm_2"
"FF05466147",0.906464535076858,4016,"study_visit_1_arm_2"
"FF05466141",0.912004146262822,4054,"study_visit_1_arm_2"
"FF05466131",0.924557400305643,4017,"study_visit_2_arm_2"
"FF05466129",0.7103179968697,4045,"study_visit_1_arm_2"
"FF05466127",0.964487855921718,4000,"cycle_visit_8_arm_2"
"FF05466119",0.9193202543642,4045,"study_visit_2_arm_2"
"FF05466111",0.938853995173932,4039,"study_visit_2_arm_2"
"FF05466095",0.90337908103823,4004,"cycle_visit_2_arm_2"
"FF05466092",0.951337900315828,4017,"cycle_visit_11_arm_2"
"FF05466090",0.886200107521468,4007,"cycle_visit_12_arm_2"
"FF05466080",0.806963611009254,4017,"cycle_visit_8_arm_2"
"FF05466077",0.943369053780906,4028,"cycle_visit_3_arm_2"
"FF05466072",0.943369053780906,4016,"cycle_visit_6_arm_2"
"FF05466058",0.857394471602857,4046,"study_visit_1_arm_2"
"FF05466001",0.955075749243088,4036,"study_visit_1_arm_2"
"FF05466000",0.873265374546976,4000,"cycle_visit_9_arm_2"
"FF05465999",0.901631887584746,4007,"cycle_visit_10_arm_2"
"FF05465995",0.924557400305643,4005,"cycle_visit_2_arm_2"
"FF05465989",0.92285531492756,4015,"study_visit_1_arm_2"
"FF05465981",0.894751959762048,4017,"cycle_visit_6_arm_2"
"FF05465968",0.931618295531034,4015,"cycle_visit_5_arm_2"
"FF05465966",0.953914236157836,4002,"study_visit_1_arm_2"
"FF05465964",0.87541614244644,4036,"study_visit_4_arm_2"
"FF05465961",0.903105823809873,4039,"study_visit_1_arm_2"
"FF05465958",0.932036676580672,4029,"study_visit_1_arm_2"
"FF05464556",0.908495424646274,4011,"study_visit_4_arm_2"
"FF05464532",0.855810629853457,4037,"study_visit_1_arm_2"
"FF05464521",0.926072923627245,4007,"study_visit_1_arm_2"
"FF05464475",0.9181812800515,4028,"study_visit_1_arm_2"
"FF05464443",0.949181581513621,4034,"study_visit_4_arm_2"
"FF05464407",0.84293140419672,4014,"study_visit_3_arm_2"
"FF05464394",0.950408486916207,4000,"cycle_visit_12_arm_2"
"FF05464387",0.891235277686953,4043,"study_visit_1_arm_2"
"FF05464343",0.943221376907581,4000,"cycle_visit_7_arm_2"
"FF05464343",0.943221376907581,4000,"study_visit_3_arm_2"
"FF05464304",0.935158395452044,4042,"cycle_visit_2_arm_2"
"FF05464242",0.942085189948778,4015,"cycle_visit_2_arm_2"
"FF05464228",0.873265374546976,4015,"cycle_visit_6_arm_2"
"FF05464197",0.943245547000297,4003,"cycle_visit_3_arm_2"
"FF05464166",0.854411575499947,4007,"cycle_visit_14_arm_2"
"FF05464165",0.943221376907581,4014,"cycle_visit_2_arm_2"
"FF05464144",0.84293140419672,4059,"study_visit_1_arm_2"
"FF05464140",0.926072923627245,4016,"cycle_visit_2_arm_2"
